<?xml version="1.0" encoding="UTF-8" ?>
<!DOCTYPE mapper PUBLIC "-//mybatis.org//DTD Mapper 3.0//EN" "http://mybatis.org/dtd/mybatis-3-mapper.dtd">
<mapper namespace="com.us.example.dao.UserDao">
    <resultMap id="userMap" type="com.us.example.domain.SysUser">
        <id property="id" column="ID"/>
        <result property="username" column="username"/>
        <result property="password" column="PASSWORD"/>
        <collection property="roles" ofType="com.us.example.domain.SysRole">
            <result column="name" property="name"/>
        </collection>

    </resultMap>
    <select id="findByUserName" parameterType="String" resultMap="userMap">
		select u.*
		,r.name
		from Sys_User u
        LEFT JOIN sys_role_user sru on u.id= sru.Sys_User_id
        LEFT JOIN Sys_Role r on sru.Sys_Role_id=r.id
        where username= #{username}
	</select>

    <insert id="create" parameterType="com.us.example.domain.SysUser">
        <selectKey resultType="int"  order="AFTER" keyProperty="id" >
            SELECT LAST_INSERT_ID()
        </selectKey>
       INSERT into Sys_User
       (username,password)
       values
       (#{username},#{password})
    </insert>
</mapper>